input,output,text
"At Trade, Anson danced extremely frantically",yes,"Input: At Trade, Anson danced extremely frantically Answer: yes
"
That he ever went there alone is odd.,yes,"Input: That he ever went there alone is odd. Answer: yes
"
Bill's mother's friends and John are waiting at the restaurant.,yes,"Input: Bill's mother's friends and John are waiting at the restaurant. Answer: yes
"
These plants may grow as high as 6 feet.,yes,"Input: These plants may grow as high as 6 feet. Answer: yes
"
Cheese mice love stinks.,yes,"Input: Cheese mice love stinks. Answer: yes
"
That he has blood on his hands proves that John is the murderer.,yes,"Input: That he has blood on his hands proves that John is the murderer. Answer: yes
"
No man has ever beaten the centaur.,yes,"Input: No man has ever beaten the centaur. Answer: yes
"
The explorers cut their way through the jungle.,yes,"Input: The explorers cut their way through the jungle. Answer: yes
"
They have no car.,yes,"Input: They have no car. Answer: yes
"
only the student left.,yes,"Input: only the student left. Answer: yes
"
Plays and ballets alternate.,yes,"Input: Plays and ballets alternate. Answer: yes
"
The oil and vinegar separated.,yes,"Input: The oil and vinegar separated. Answer: yes
"
I read his every book.,yes,"Input: I read his every book. Answer: yes
"
Webster touched a sword after Henry had done so.,yes,"Input: Webster touched a sword after Henry had done so. Answer: yes
"
John has chosen Bill for the position.,yes,"Input: John has chosen Bill for the position. Answer: yes
"
More than two students attended every seminar.,yes,"Input: More than two students attended every seminar. Answer: yes
"
I walk.,yes,"Input: I walk. Answer: yes
"
"This guitar, I've sung folk songs and accompanied myself on it all my life.",yes,"Input: This guitar, I've sung folk songs and accompanied myself on it all my life. Answer: yes
"
Susan wanted Jane to study German.,yes,"Input: Susan wanted Jane to study German. Answer: yes
"
I believed that Otto was wearing this hat.,yes,"Input: I believed that Otto was wearing this hat. Answer: yes
"
They praised them as volunteers.,yes,"Input: They praised them as volunteers. Answer: yes
"
Tom will force you to marry no student.,yes,"Input: Tom will force you to marry no student. Answer: yes
"
Michael left Meg,yes,"Input: Michael left Meg Answer: yes
"
Crystal vases break easily.,yes,"Input: Crystal vases break easily. Answer: yes
"
Whom did Matt kiss?,yes,"Input: Whom did Matt kiss? Answer: yes
"
John learned French perfectly.,yes,"Input: John learned French perfectly. Answer: yes
"
Angela characterized Shelly as a lifesaver.,yes,"Input: Angela characterized Shelly as a lifesaver. Answer: yes
"
Bill pounded the metal.,yes,"Input: Bill pounded the metal. Answer: yes
"
June covered the baby with a blanket.,yes,"Input: June covered the baby with a blanket. Answer: yes
"
John sounded happy.,yes,"Input: John sounded happy. Answer: yes
"
John can't even open an umbrella!,yes,"Input: John can't even open an umbrella! Answer: yes
"
This metal hammers flat easily.,yes,"Input: This metal hammers flat easily. Answer: yes
"
"The more you eat, the less you want.",yes,"Input: The more you eat, the less you want. Answer: yes
"
Rory eats.,yes,"Input: Rory eats. Answer: yes
"
I saw enough of the fool to be convinced.,yes,"Input: I saw enough of the fool to be convinced. Answer: yes
"
He replied that he was happy.,yes,"Input: He replied that he was happy. Answer: yes
"
Did the wealthy young man buy that piano for his secret fiancée?,yes,"Input: Did the wealthy young man buy that piano for his secret fiancée? Answer: yes
"
"He can't possibly do that, can he",yes,"Input: He can't possibly do that, can he Answer: yes
"
You British and you Americans pamper yourselves.,yes,"Input: You British and you Americans pamper yourselves. Answer: yes
"
A choir sang in the church.,yes,"Input: A choir sang in the church. Answer: yes
"
Who was it who interviewed you?,yes,"Input: Who was it who interviewed you? Answer: yes
"
Kim and Sandy is looking for a new bicycle.,yes,"Input: Kim and Sandy is looking for a new bicycle. Answer: yes
"
Bill's reading Shakespeare and Maureen's singing Schubert satisfy me,yes,"Input: Bill's reading Shakespeare and Maureen's singing Schubert satisfy me Answer: yes
"
The bed was slept in by the Shah.,yes,"Input: The bed was slept in by the Shah. Answer: yes
"
Calvin will be eating.,yes,"Input: Calvin will be eating. Answer: yes
"
John believes that Bill saw him.,yes,"Input: John believes that Bill saw him. Answer: yes
"
It was in the barn or it took place in the barn.,yes,"Input: It was in the barn or it took place in the barn. Answer: yes
"
Mary and an old friend who comes from Miami kissed.,yes,"Input: Mary and an old friend who comes from Miami kissed. Answer: yes
"
John is taller than that man is.,yes,"Input: John is taller than that man is. Answer: yes
"
John believed that he is honest.,yes,"Input: John believed that he is honest. Answer: yes
"
Julie maintained her own ideas over the course of the argument.,yes,"Input: Julie maintained her own ideas over the course of the argument. Answer: yes
"
It annoys people that dogs bark.,yes,"Input: It annoys people that dogs bark. Answer: yes
"
Tom will not leave.,yes,"Input: Tom will not leave. Answer: yes
"
Mika loved the policeman intensely and Susan did so half heartedly.,yes,"Input: Mika loved the policeman intensely and Susan did so half heartedly. Answer: yes
"
"Kim can dance, and Sandy can, too.",yes,"Input: Kim can dance, and Sandy can, too. Answer: yes
"
Tom drives the way that that man drives.,yes,"Input: Tom drives the way that that man drives. Answer: yes
"
The teacher is proud of his students.,yes,"Input: The teacher is proud of his students. Answer: yes
"
He made a statement everyone thought was interesting and important.,yes,"Input: He made a statement everyone thought was interesting and important. Answer: yes
"
I expect soon to see the results.,yes,"Input: I expect soon to see the results. Answer: yes
"
They specialized.,yes,"Input: They specialized. Answer: yes
"
"Sean Penn can act well in many kinds of movies, can't he act well in many kinds of movies?",yes,"Input: Sean Penn can act well in many kinds of movies, can't he act well in many kinds of movies? Answer: yes
"
They depend on Mary.,yes,"Input: They depend on Mary. Answer: yes
"
Frank hopes to persuade Harry to make the cook wash the dishes.,yes,"Input: Frank hopes to persuade Harry to make the cook wash the dishes. Answer: yes
"
Jean wants Robert.,yes,"Input: Jean wants Robert. Answer: yes
"
She said that into the room came Aunt Norris.,yes,"Input: She said that into the room came Aunt Norris. Answer: yes
"
My uncle doesn't have a spouse but your aunt does and he is lying on the floor.,yes,"Input: My uncle doesn't have a spouse but your aunt does and he is lying on the floor. Answer: yes
"
The tree changed from a maple into an oak.,yes,"Input: The tree changed from a maple into an oak. Answer: yes
"
It was John and Bill that were waiting at the restaurant.,yes,"Input: It was John and Bill that were waiting at the restaurant. Answer: yes
"
The audience laughed.,yes,"Input: The audience laughed. Answer: yes
"
We believe that the directors were present.,yes,"Input: We believe that the directors were present. Answer: yes
"
This hat Tom said Al thought you wanted me to make Jack put on.,yes,"Input: This hat Tom said Al thought you wanted me to make Jack put on. Answer: yes
"
Mary really appreciates and constantly praises herself and Sue knows it.,yes,"Input: Mary really appreciates and constantly praises herself and Sue knows it. Answer: yes
"
Kick them!,yes,"Input: Kick them! Answer: yes
"
The trees sang with birds.,yes,"Input: The trees sang with birds. Answer: yes
"
John is tough to persuade.,yes,"Input: John is tough to persuade. Answer: yes
"
John received the parcel.,yes,"Input: John received the parcel. Answer: yes
"
He ate so much that he got sick.,yes,"Input: He ate so much that he got sick. Answer: yes
"
They elected Graham chairman.,yes,"Input: They elected Graham chairman. Answer: yes
"
Tatiana wrote to Onegin.,yes,"Input: Tatiana wrote to Onegin. Answer: yes
"
Tom seems eager for her brother to catch a cold.,yes,"Input: Tom seems eager for her brother to catch a cold. Answer: yes
"
We just finished the final exam the result of which we can find out next week.,yes,"Input: We just finished the final exam the result of which we can find out next week. Answer: yes
"
The Dodgers beat the Red Sox and the Dodgers were beaten by the Giants.,yes,"Input: The Dodgers beat the Red Sox and the Dodgers were beaten by the Giants. Answer: yes
"
I had eaten the deep fried muffins.,yes,"Input: I had eaten the deep fried muffins. Answer: yes
"
Bill believes Anna and him to be similar.,yes,"Input: Bill believes Anna and him to be similar. Answer: yes
"
The crew have both agreed to change sponsor.,yes,"Input: The crew have both agreed to change sponsor. Answer: yes
"
John drove the car.,yes,"Input: John drove the car. Answer: yes
"
Ellen told a story to Helen.,yes,"Input: Ellen told a story to Helen. Answer: yes
"
The reporters expected that the principal would fire some teacher.,yes,"Input: The reporters expected that the principal would fire some teacher. Answer: yes
"
How happy has John been?,yes,"Input: How happy has John been? Answer: yes
"
They should have all sent Oedipus to Thebes,yes,"Input: They should have all sent Oedipus to Thebes Answer: yes
"
"No books survived the fire, did they?",yes,"Input: No books survived the fire, did they? Answer: yes
"
John made a fool of himself in front of anyone who was there.,yes,"Input: John made a fool of himself in front of anyone who was there. Answer: yes
"
Fred must both have been singing songs and have been drinking beer.,yes,"Input: Fred must both have been singing songs and have been drinking beer. Answer: yes
"
"The more pictures of himself that appear in the news, the more embarrassed John becomes.",yes,"Input: The more pictures of himself that appear in the news, the more embarrassed John becomes. Answer: yes
"
"Although no one else thinks that Sally is innocent, Harry thinks so.",yes,"Input: Although no one else thinks that Sally is innocent, Harry thinks so. Answer: yes
"
Learning to use a language freely and fully is a lengthy and arduous process.,yes,"Input: Learning to use a language freely and fully is a lengthy and arduous process. Answer: yes
"
I don't know the people present.,yes,"Input: I don't know the people present. Answer: yes
"
The chicken was eaten.,yes,"Input: The chicken was eaten. Answer: yes
"
A dog lay in the comer.,yes,"Input: A dog lay in the comer. Answer: yes
"
Marlene dressed herself.,yes,"Input: Marlene dressed herself. Answer: yes
"
"Sally might be pregnant, and I believe that Sheila definitely is pregnant.",yes,"Input: Sally might be pregnant, and I believe that Sheila definitely is pregnant. Answer: yes
"
The jockey rides the horse.,yes,"Input: The jockey rides the horse. Answer: yes
"
Who do you think visited Seoul last year?,yes,"Input: Who do you think visited Seoul last year? Answer: yes
"
Is Mary running the marathon?,yes,"Input: Is Mary running the marathon? Answer: yes
"
She spruced up before the job interview.,yes,"Input: She spruced up before the job interview. Answer: yes
"
Almost any owl hunts mice.,yes,"Input: Almost any owl hunts mice. Answer: yes
"
"The more lobbyists wine and dine him, the more every senator is susceptible to corruption.",yes,"Input: The more lobbyists wine and dine him, the more every senator is susceptible to corruption. Answer: yes
"
How brave everybody must think you expect me to believe he is!,yes,"Input: How brave everybody must think you expect me to believe he is! Answer: yes
"
Michelle became an architect.,yes,"Input: Michelle became an architect. Answer: yes
"
I gave her so much.,yes,"Input: I gave her so much. Answer: yes
"
For whose rights do you expect me to speak up?,yes,"Input: For whose rights do you expect me to speak up? Answer: yes
"
"They said Tom would pay up, and pay up I'm sure everybody will tell you that his lawyers expect me to believe he did.",yes,"Input: They said Tom would pay up, and pay up I'm sure everybody will tell you that his lawyers expect me to believe he did. Answer: yes
"
Jerry's sister has a blemish on the end of her nose.,yes,"Input: Jerry's sister has a blemish on the end of her nose. Answer: yes
"
Carol carved the stone with a chisel.,yes,"Input: Carol carved the stone with a chisel. Answer: yes
"
Stacy arrived at the palace.,yes,"Input: Stacy arrived at the palace. Answer: yes
"
Brenda and Molly haggled.,yes,"Input: Brenda and Molly haggled. Answer: yes
"
They wonder whether Mary will run.,yes,"Input: They wonder whether Mary will run. Answer: yes
"
I have wanted to know for many years exactly what happened to Rosa.,yes,"Input: I have wanted to know for many years exactly what happened to Rosa. Answer: yes
"
We loaded onto the bus.,yes,"Input: We loaded onto the bus. Answer: yes
"
Jane was playing the piano.,yes,"Input: Jane was playing the piano. Answer: yes
"
The video which I thought John told us you recommended was really terrific.,yes,"Input: The video which I thought John told us you recommended was really terrific. Answer: yes
"
The mouse jumped out.,yes,"Input: The mouse jumped out. Answer: yes
"
The children were neither in their rooms nor on the porch.,yes,"Input: The children were neither in their rooms nor on the porch. Answer: yes
"
Which attorney will give the closing argument hasn't been decided by them.,yes,"Input: Which attorney will give the closing argument hasn't been decided by them. Answer: yes
"
I'd planned to have finished by now.,yes,"Input: I'd planned to have finished by now. Answer: yes
"
What Gilgamesh may do is seek Ishtar,yes,"Input: What Gilgamesh may do is seek Ishtar Answer: yes
"
Cassandra has warned Agamemnon again.,yes,"Input: Cassandra has warned Agamemnon again. Answer: yes
"
What did you put in your box?,yes,"Input: What did you put in your box? Answer: yes
"
Carrie touched him on the shoulder.,yes,"Input: Carrie touched him on the shoulder. Answer: yes
"
Most boys did not laugh.,yes,"Input: Most boys did not laugh. Answer: yes
"
Gilgamesh fears death and Achilles does as well,yes,"Input: Gilgamesh fears death and Achilles does as well Answer: yes
"
Carla slid those books across the table.,yes,"Input: Carla slid those books across the table. Answer: yes
"
What does John think Mary bought?,yes,"Input: What does John think Mary bought? Answer: yes
"
"I'm as much of a man as you are, my dear.",yes,"Input: I'm as much of a man as you are, my dear. Answer: yes
"
A book was handed to Chris by Pat.,yes,"Input: A book was handed to Chris by Pat. Answer: yes
"
Few boys read any of the books.,yes,"Input: Few boys read any of the books. Answer: yes
"
It really bites that we invaded Iraq.,yes,"Input: It really bites that we invaded Iraq. Answer: yes
"
John knows that she left and John knows whether she will come back.,yes,"Input: John knows that she left and John knows whether she will come back. Answer: yes
"
John gave a book to the student.,yes,"Input: John gave a book to the student. Answer: yes
"
Tomatoes were introduced in Europe after 1492.,yes,"Input: Tomatoes were introduced in Europe after 1492. Answer: yes
"
That the clown had a red nose amused the children.,yes,"Input: That the clown had a red nose amused the children. Answer: yes
"
"He had hardly collected the papers on his desk, had he?",yes,"Input: He had hardly collected the papers on his desk, had he? Answer: yes
"
It was such an awful picture that I tore it up.,yes,"Input: It was such an awful picture that I tore it up. Answer: yes
"
Rory will eat the muffins.,yes,"Input: Rory will eat the muffins. Answer: yes
"
Mary is such a wit that people are afraid of her.,yes,"Input: Mary is such a wit that people are afraid of her. Answer: yes
"
Mary scratched John's arm too.,yes,"Input: Mary scratched John's arm too. Answer: yes
"
Martina is deathly afraid of spiders.,yes,"Input: Martina is deathly afraid of spiders. Answer: yes
"
Who did you see in Las Vegas?,yes,"Input: Who did you see in Las Vegas? Answer: yes
"
I cut the soft bread.,yes,"Input: I cut the soft bread. Answer: yes
"
What I said was that we would go.,yes,"Input: What I said was that we would go. Answer: yes
"
Every politician is worried when the press starts attacking him.,yes,"Input: Every politician is worried when the press starts attacking him. Answer: yes
"
It surprised me that you came early.,yes,"Input: It surprised me that you came early. Answer: yes
"
Mary considers John proud of her.,yes,"Input: Mary considers John proud of her. Answer: yes
"
My niece could write me letters before her third birthday.,yes,"Input: My niece could write me letters before her third birthday. Answer: yes
"
Rosie loves magazine ads.,yes,"Input: Rosie loves magazine ads. Answer: yes
"
I wonder to how many people Bill talks.,yes,"Input: I wonder to how many people Bill talks. Answer: yes
"
Type B: It is Bill on whom John relies.,yes,"Input: Type B: It is Bill on whom John relies. Answer: yes
"
He established his innocence with the letter.,yes,"Input: He established his innocence with the letter. Answer: yes
"
You are too flip with people who are jealous of you.,yes,"Input: You are too flip with people who are jealous of you. Answer: yes
"
"We didn't keep a list of the names, but the President thanked every soldier who had fought in the Gulf War.",yes,"Input: We didn't keep a list of the names, but the President thanked every soldier who had fought in the Gulf War. Answer: yes
"
Amanda drove the package from Boston to New York.,yes,"Input: Amanda drove the package from Boston to New York. Answer: yes
"
Sharon shivered at the thought of the cold sea.,yes,"Input: Sharon shivered at the thought of the cold sea. Answer: yes
"
Donna fixed me a sandwich.,yes,"Input: Donna fixed me a sandwich. Answer: yes
"
Mike will sing if you will.,yes,"Input: Mike will sing if you will. Answer: yes
"
Louis was forgiven.,yes,"Input: Louis was forgiven. Answer: yes
"
Nathan caused Benjamin to see himself in the mirror.,yes,"Input: Nathan caused Benjamin to see himself in the mirror. Answer: yes
"
Paula spanked the naughty child.,yes,"Input: Paula spanked the naughty child. Answer: yes
"
The soldier was given the medal by Phillip.,yes,"Input: The soldier was given the medal by Phillip. Answer: yes
"
Who did Maria say that she'd kiss and kick?,yes,"Input: Who did Maria say that she'd kiss and kick? Answer: yes
"
I put a book on it.,yes,"Input: I put a book on it. Answer: yes
"
Bill confirmed that Roger has eaten the cake.,yes,"Input: Bill confirmed that Roger has eaten the cake. Answer: yes
"
I saw the one with long hair.,yes,"Input: I saw the one with long hair. Answer: yes
"
The boy who Mary loves hates her.,yes,"Input: The boy who Mary loves hates her. Answer: yes
"
Amanda carried the package to New York.,yes,"Input: Amanda carried the package to New York. Answer: yes
"
Most of the milk your baby consumes during breastfeeding is produced during nursing.,yes,"Input: Most of the milk your baby consumes during breastfeeding is produced during nursing. Answer: yes
"
We saw him beaten by the champion.,yes,"Input: We saw him beaten by the champion. Answer: yes
"
We talked about Mr. Colson and that he had worked at the.,yes,"Input: We talked about Mr. Colson and that he had worked at the. Answer: yes
"
Historians believe FDR to be our most effective president.,yes,"Input: Historians believe FDR to be our most effective president. Answer: yes
"
Calvin will strike himself.,yes,"Input: Calvin will strike himself. Answer: yes
"
Lenin believes the Tsar to be a power hungry dictator.,yes,"Input: Lenin believes the Tsar to be a power hungry dictator. Answer: yes
"
Nothing like that would I ever eat again.,yes,"Input: Nothing like that would I ever eat again. Answer: yes
"
The tigers hunt prey at night.,yes,"Input: The tigers hunt prey at night. Answer: yes
"
John considers him a nice guy.,yes,"Input: John considers him a nice guy. Answer: yes
"
Andy promised to go.,yes,"Input: Andy promised to go. Answer: yes
"
I am hoping to get an invitation and optimistic about my chances.,yes,"Input: I am hoping to get an invitation and optimistic about my chances. Answer: yes
"
The onions reeked.,yes,"Input: The onions reeked. Answer: yes
"
Tony broke the cup against the wall.,yes,"Input: Tony broke the cup against the wall. Answer: yes
"
"I often send Mary home drunk, and she gets there just fine.",yes,"Input: I often send Mary home drunk, and she gets there just fine. Answer: yes
"
I consider that a rude remark and in very bad taste.,yes,"Input: I consider that a rude remark and in very bad taste. Answer: yes
"
"The contestant who won the first prize, who is the judge's brother-in-law, sang dreadfully.",yes,"Input: The contestant who won the first prize, who is the judge's brother-in-law, sang dreadfully. Answer: yes
"
John was carefully studying Russian.,yes,"Input: John was carefully studying Russian. Answer: yes
"
What Alison and David did was soak their feet in a bucket,yes,"Input: What Alison and David did was soak their feet in a bucket Answer: yes
"
I lifted the books to him.,yes,"Input: I lifted the books to him. Answer: yes
"
The student loved his phonology readings.,yes,"Input: The student loved his phonology readings. Answer: yes
"
Dana doubts that Drew believes I think Rosie loves magazine ads.,yes,"Input: Dana doubts that Drew believes I think Rosie loves magazine ads. Answer: yes
"
Paris is no more,yes,"Input: Paris is no more Answer: yes
"
The student who got A in the class was very happy.,yes,"Input: The student who got A in the class was very happy. Answer: yes
"
"Will Sally, after John comes home, take a shower?",yes,"Input: Will Sally, after John comes home, take a shower? Answer: yes
"
The only offer of which I plan to take advantage will give me an eleven month paid vacation.,yes,"Input: The only offer of which I plan to take advantage will give me an eleven month paid vacation. Answer: yes
"
She pinched his arm as hard as she could.,yes,"Input: She pinched his arm as hard as she could. Answer: yes
"
About 20 liters of acid was poured into the beaker.,yes,"Input: About 20 liters of acid was poured into the beaker. Answer: yes
"
The student was hoping for a tool.,yes,"Input: The student was hoping for a tool. Answer: yes
"
The men would have all been working.,yes,"Input: The men would have all been working. Answer: yes
"
Jean is reluctant.,yes,"Input: Jean is reluctant. Answer: yes
"
Whose poem about Achilles did Homer persuade Jason that he should read?,yes,"Input: Whose poem about Achilles did Homer persuade Jason that he should read? Answer: yes
"
has no relative pronoun at all.,yes,"Input: has no relative pronoun at all. Answer: yes
"
Ron heard a discussion in the foyer,yes,"Input: Ron heard a discussion in the foyer Answer: yes
"
She buys for Harrods.,yes,"Input: She buys for Harrods. Answer: yes
"
"Max offered the victims help, but they refused his offer.",yes,"Input: Max offered the victims help, but they refused his offer. Answer: yes
"
That Sam didn't pick those packages up which are to be mailed tomorrow is possible.,yes,"Input: That Sam didn't pick those packages up which are to be mailed tomorrow is possible. Answer: yes
"
I believe strongly that the world is round.,yes,"Input: I believe strongly that the world is round. Answer: yes
"
Imogen broke the vase.,yes,"Input: Imogen broke the vase. Answer: yes
"
Jean tried to behave.,yes,"Input: Jean tried to behave. Answer: yes
"
The old and new carts banged together.,yes,"Input: The old and new carts banged together. Answer: yes
"
The constant rain forced the abandonment of the next day's competitions.,yes,"Input: The constant rain forced the abandonment of the next day's competitions. Answer: yes
"
John believed it.,yes,"Input: John believed it. Answer: yes
"
Kim depends.,yes,"Input: Kim depends. Answer: yes
"
The coat of the panther is dark black.,yes,"Input: The coat of the panther is dark black. Answer: yes
"
They know if Mary won.,yes,"Input: They know if Mary won. Answer: yes
"
Ions struck the electrode.,yes,"Input: Ions struck the electrode. Answer: yes
"
The tree trembled.,yes,"Input: The tree trembled. Answer: yes
"
Martha carved a toy out of wood for the baby.,yes,"Input: Martha carved a toy out of wood for the baby. Answer: yes
"
The ball rolled from the bush to the tree.,yes,"Input: The ball rolled from the bush to the tree. Answer: yes
"
You or Kerry have perjured yourselves.,yes,"Input: You or Kerry have perjured yourselves. Answer: yes
"
"Although he loves marshmallows, John is not a big fan of chocolate.",yes,"Input: Although he loves marshmallows, John is not a big fan of chocolate. Answer: yes
"
They drank the pub dry.,yes,"Input: They drank the pub dry. Answer: yes
"
"I don't really want to go to the dentist's, but I know I should.",yes,"Input: I don't really want to go to the dentist's, but I know I should. Answer: yes
"
John said Mary went to the store quickly.,yes,"Input: John said Mary went to the store quickly. Answer: yes
"
The mouse nibbled at the cheese.,yes,"Input: The mouse nibbled at the cheese. Answer: yes
"
Are you prepared for school tomorrow?,yes,"Input: Are you prepared for school tomorrow? Answer: yes
"
Teresa bottle fed soy milk to the baby.,yes,"Input: Teresa bottle fed soy milk to the baby. Answer: yes
"
Susan wanted to sleep.,yes,"Input: Susan wanted to sleep. Answer: yes
"
Do you know the boy whom Mary saw?,yes,"Input: Do you know the boy whom Mary saw? Answer: yes
"
"I know which guys you've dated, but I don't know which guys you haven't.",yes,"Input: I know which guys you've dated, but I don't know which guys you haven't. Answer: yes
"
I assume the matter to have been filed in the appropriate records.,yes,"Input: I assume the matter to have been filed in the appropriate records. Answer: yes
"
I am frightened of tigers and fond of clowns without exception.,yes,"Input: I am frightened of tigers and fond of clowns without exception. Answer: yes
"
The oak developed out of a maple.,yes,"Input: The oak developed out of a maple. Answer: yes
"
Ellen complained to Helen.,yes,"Input: Ellen complained to Helen. Answer: yes
"
The police kept tabs on the suspect.,yes,"Input: The police kept tabs on the suspect. Answer: yes
"
John has driven the car.,yes,"Input: John has driven the car. Answer: yes
"
It was several young students that the policeman met in the park last night.,yes,"Input: It was several young students that the policeman met in the park last night. Answer: yes
"
No student who scored 80 or more in the exam was ever failed.,yes,"Input: No student who scored 80 or more in the exam was ever failed. Answer: yes
"
"Sandy must have, too.",yes,"Input: Sandy must have, too. Answer: yes
"
Mary always has preferred lemons to limes.,yes,"Input: Mary always has preferred lemons to limes. Answer: yes
"
Dana was quite competent.,yes,"Input: Dana was quite competent. Answer: yes
"
"Intelligent though he may seem, he does not seem deep.",yes,"Input: Intelligent though he may seem, he does not seem deep. Answer: yes
"
It is not true that that it would confuse the guards for Herschel to throw a fit was obvious.,yes,"Input: It is not true that that it would confuse the guards for Herschel to throw a fit was obvious. Answer: yes
"
There is eager to be fifty students in this class.,yes,"Input: There is eager to be fifty students in this class. Answer: yes
"
Maxwell is quite the doctor.,yes,"Input: Maxwell is quite the doctor. Answer: yes
"
Any pilot could be flying this plane.,yes,"Input: Any pilot could be flying this plane. Answer: yes
"
Dust fell on the bed.,yes,"Input: Dust fell on the bed. Answer: yes
"
The window broke.,yes,"Input: The window broke. Answer: yes
"
All lizards will die.,yes,"Input: All lizards will die. Answer: yes
"
Everyone had been worrying himself stiff.,yes,"Input: Everyone had been worrying himself stiff. Answer: yes
"
The video which I thought you recommended was really terrific.,yes,"Input: The video which I thought you recommended was really terrific. Answer: yes
"
It was the director that she said she wants to meet.,yes,"Input: It was the director that she said she wants to meet. Answer: yes
"
The temperature soared.,yes,"Input: The temperature soared. Answer: yes
"
"I'm going out, wherever that hurricane might be.",yes,"Input: I'm going out, wherever that hurricane might be. Answer: yes
"
No one expected that Agamemnon would win.,yes,"Input: No one expected that Agamemnon would win. Answer: yes
"
There are strangers in that garden.,yes,"Input: There are strangers in that garden. Answer: yes
"
Calvin will not eat the beef waffles.,yes,"Input: Calvin will not eat the beef waffles. Answer: yes
"
Whom did Bill leave.,yes,"Input: Whom did Bill leave. Answer: yes
"
I separated the yolk and the white.,yes,"Input: I separated the yolk and the white. Answer: yes
"
I have never seen this movie.,yes,"Input: I have never seen this movie. Answer: yes
"
The stream crawls through the valley.,yes,"Input: The stream crawls through the valley. Answer: yes
"
Gwen looked at a fire truck.,yes,"Input: Gwen looked at a fire truck. Answer: yes
"
There is every book by Chomsky in this library.,yes,"Input: There is every book by Chomsky in this library. Answer: yes
"
The building that we liked is in Thornton Lacey.,yes,"Input: The building that we liked is in Thornton Lacey. Answer: yes
"
I throw you a lifeline and you giggle.,yes,"Input: I throw you a lifeline and you giggle. Answer: yes
"
So much did you eat that everyone gasped.,yes,"Input: So much did you eat that everyone gasped. Answer: yes
"
The owl hated the evil bat and the wise eagle,yes,"Input: The owl hated the evil bat and the wise eagle Answer: yes
"
much evidence is needed.,yes,"Input: much evidence is needed. Answer: yes
"
The horse was ridden by the jockey.,yes,"Input: The horse was ridden by the jockey. Answer: yes
"
Leah likes cookies.,yes,"Input: Leah likes cookies. Answer: yes
"
John talked to almost any woman who came up to him.,yes,"Input: John talked to almost any woman who came up to him. Answer: yes
"
At most three teachers assigned any homework.,yes,"Input: At most three teachers assigned any homework. Answer: yes
"
This bed was slept in by George Washington.,yes,"Input: This bed was slept in by George Washington. Answer: yes
"
Who remembers where we bought what?,yes,"Input: Who remembers where we bought what? Answer: yes
"
The passengers who had known that the train was not on fire said that those who had thought so had barricaded themselves in the bathrooms.,yes,"Input: The passengers who had known that the train was not on fire said that those who had thought so had barricaded themselves in the bathrooms. Answer: yes
"
"They said that Tom would pay up, and pay up I believe that he did.",yes,"Input: They said that Tom would pay up, and pay up I believe that he did. Answer: yes
"
The door was pushed open.,yes,"Input: The door was pushed open. Answer: yes
"
Mary has never kissed a Man taller than John.,yes,"Input: Mary has never kissed a Man taller than John. Answer: yes
"
Joe is taller than Mary.,yes,"Input: Joe is taller than Mary. Answer: yes
"
For the girl to put a picture there is what I prefer.,yes,"Input: For the girl to put a picture there is what I prefer. Answer: yes
"
John can go to the market quickly.,yes,"Input: John can go to the market quickly. Answer: yes
"
It seemed to rain.,yes,"Input: It seemed to rain. Answer: yes
"
Jason persuaded Medea to desert her family.,yes,"Input: Jason persuaded Medea to desert her family. Answer: yes
"
I cut the bread with this knife.,yes,"Input: I cut the bread with this knife. Answer: yes
"
Aphrodite said he freed the animals and free the animals he did,yes,"Input: Aphrodite said he freed the animals and free the animals he did Answer: yes
"
"That piano, the boy's loud playing of which drove everyone crazy, was badly out of tune.",yes,"Input: That piano, the boy's loud playing of which drove everyone crazy, was badly out of tune. Answer: yes
"
Some disgruntled old pigs in those ditches love truffles,yes,"Input: Some disgruntled old pigs in those ditches love truffles Answer: yes
"
Bill sang himself to sleep.,yes,"Input: Bill sang himself to sleep. Answer: yes
"
Harriet told Emma the whole story.,yes,"Input: Harriet told Emma the whole story. Answer: yes
"
the people happy with the proposal left.,yes,"Input: the people happy with the proposal left. Answer: yes
"
Jason expected the doctor to treat Medea,yes,"Input: Jason expected the doctor to treat Medea Answer: yes
"
Cynthia nibbled the carrot .,yes,"Input: Cynthia nibbled the carrot . Answer: yes
"
The inspector analyzed the building for its soundness.,yes,"Input: The inspector analyzed the building for its soundness. Answer: yes
"
Which packages which are to be mailed tomorrow is it possible that Sam didn't pick up until it had stopped raining?,yes,"Input: Which packages which are to be mailed tomorrow is it possible that Sam didn't pick up until it had stopped raining? Answer: yes
"
Would more accountants make any difference to my tax bill?,yes,"Input: Would more accountants make any difference to my tax bill? Answer: yes
"
which books about cooking does Henri want to buy?,yes,"Input: which books about cooking does Henri want to buy? Answer: yes
"
It was in 1997 when the IN introduced the alien registration receipt card.,yes,"Input: It was in 1997 when the IN introduced the alien registration receipt card. Answer: yes
"
David ate mangoes and Raffi should too.,yes,"Input: David ate mangoes and Raffi should too. Answer: yes
"
Rory ate muffins.,yes,"Input: Rory ate muffins. Answer: yes
"
It would be inconvenience for you to leave so soon.,yes,"Input: It would be inconvenience for you to leave so soon. Answer: yes
"
That anybody ever left at all is impossible.,yes,"Input: That anybody ever left at all is impossible. Answer: yes
"
Linda taped the box with two-sided tape.,yes,"Input: Linda taped the box with two-sided tape. Answer: yes
"
It is a wooden desk.,yes,"Input: It is a wooden desk. Answer: yes
"
Nora brought the book from horne.,yes,"Input: Nora brought the book from horne. Answer: yes
"
John seems to have left.,yes,"Input: John seems to have left. Answer: yes
"
John asked whether she left.,yes,"Input: John asked whether she left. Answer: yes
"
It seems that it is likely that John will win.,yes,"Input: It seems that it is likely that John will win. Answer: yes
"
Ellen warned that melons were selling.,yes,"Input: Ellen warned that melons were selling. Answer: yes
"
He let the cats out which were whining.,yes,"Input: He let the cats out which were whining. Answer: yes
"
Tom says that it's going to rain but I don't believe it.,yes,"Input: Tom says that it's going to rain but I don't believe it. Answer: yes
"
The children like to berry in the summer.,yes,"Input: The children like to berry in the summer. Answer: yes
"
Gregory appears to have wanted to be loyal to the company.,yes,"Input: Gregory appears to have wanted to be loyal to the company. Answer: yes
"
He seems intelligent to study medicine.,yes,"Input: He seems intelligent to study medicine. Answer: yes
"
This is a hat which I'm going to see that my wife buys.,yes,"Input: This is a hat which I'm going to see that my wife buys. Answer: yes
"
Tony bent the copper rod.,yes,"Input: Tony bent the copper rod. Answer: yes
"
I will go and buy some whiskey.,yes,"Input: I will go and buy some whiskey. Answer: yes
"
John talked to a woman.,yes,"Input: John talked to a woman. Answer: yes
"
Who do you think Mary said John likes?,yes,"Input: Who do you think Mary said John likes? Answer: yes
"
The fact that the scientists used the latest technology to verify was reported at the recent conference.,yes,"Input: The fact that the scientists used the latest technology to verify was reported at the recent conference. Answer: yes
"
No one expected to win.,yes,"Input: No one expected to win. Answer: yes
"
What John told us is that he wants to quit school.,yes,"Input: What John told us is that he wants to quit school. Answer: yes
"
"Very heavy, this parcel!",yes,"Input: Very heavy, this parcel! Answer: yes
"
Paula spanked the naughty child's back.,yes,"Input: Paula spanked the naughty child's back. Answer: yes
"
Never will I do syntax again.,yes,"Input: Never will I do syntax again. Answer: yes
"
A review came out yesterday of this article.,yes,"Input: A review came out yesterday of this article. Answer: yes
"
Ellen warned Helen that melons were selling.,yes,"Input: Ellen warned Helen that melons were selling. Answer: yes
"
The monkeys kept forgetting their lines.,yes,"Input: The monkeys kept forgetting their lines. Answer: yes
"
Who gave what to whom?,yes,"Input: Who gave what to whom? Answer: yes
"
I pushed the table.,yes,"Input: I pushed the table. Answer: yes
"
Who said he would give the cloak to Lee?,yes,"Input: Who said he would give the cloak to Lee? Answer: yes
"
"While Truman didn't visit me, he did you.",yes,"Input: While Truman didn't visit me, he did you. Answer: yes
"
"The harder it has rained, how much faster a flow appears in the river?",yes,"Input: The harder it has rained, how much faster a flow appears in the river? Answer: yes
"
What did Frank buy for Jane.,yes,"Input: What did Frank buy for Jane. Answer: yes
"
Paula hit the stick on the fence.,yes,"Input: Paula hit the stick on the fence. Answer: yes
"
"Mary claimed that eat cabbage, Holly wants to.",yes,"Input: Mary claimed that eat cabbage, Holly wants to. Answer: yes
"
"Mary is happy with her work, and John is with his children.",yes,"Input: Mary is happy with her work, and John is with his children. Answer: yes
"
Ellen and Helen talked together.,yes,"Input: Ellen and Helen talked together. Answer: yes
"
They promised me to leave.,yes,"Input: They promised me to leave. Answer: yes
"
The cost of bagels that are imported from Iceland surprised the teacher who Mike hired last week.,yes,"Input: The cost of bagels that are imported from Iceland surprised the teacher who Mike hired last week. Answer: yes
"
"The earth is flat, but will all those who don't believe it please raise their hands?",yes,"Input: The earth is flat, but will all those who don't believe it please raise their hands? Answer: yes
"
Lucy sent Jane a letter.,yes,"Input: Lucy sent Jane a letter. Answer: yes
"
John met a student in the park.,yes,"Input: John met a student in the park. Answer: yes
"
I'm surprised that he ever said anything.,yes,"Input: I'm surprised that he ever said anything. Answer: yes
"
Who admires what?,yes,"Input: Who admires what? Answer: yes
"
You are taller than me.,yes,"Input: You are taller than me. Answer: yes
"
John is taller than Bill is.,yes,"Input: John is taller than Bill is. Answer: yes
"
There's everything Mary had asked for in this store.,yes,"Input: There's everything Mary had asked for in this store. Answer: yes
"
All the foxes were hunted by Larry.,yes,"Input: All the foxes were hunted by Larry. Answer: yes
"
It would be difficult to please John.,yes,"Input: It would be difficult to please John. Answer: yes
"
Jorge was the one.,yes,"Input: Jorge was the one. Answer: yes
"
whether she left is most unclear.,yes,"Input: whether she left is most unclear. Answer: yes
"
I prefer this.,yes,"Input: I prefer this. Answer: yes
"
John was unknown.,yes,"Input: John was unknown. Answer: yes
"
Neither of these men is worthy to lead Italy.,yes,"Input: Neither of these men is worthy to lead Italy. Answer: yes
"
There is a riot in the park.,yes,"Input: There is a riot in the park. Answer: yes
"
John knows that she left and whether she will come back.,yes,"Input: John knows that she left and whether she will come back. Answer: yes
"
We asked him not to try to call us again.,yes,"Input: We asked him not to try to call us again. Answer: yes
"
The rod bent.,yes,"Input: The rod bent. Answer: yes
"
Advantage will be taken of his offer.,yes,"Input: Advantage will be taken of his offer. Answer: yes
"
Anson shot the dinosaur with his rifle in the jungle,yes,"Input: Anson shot the dinosaur with his rifle in the jungle Answer: yes
"
Medea saw who?,yes,"Input: Medea saw who? Answer: yes
"
Jessica loaded boxes onto the wagon.,yes,"Input: Jessica loaded boxes onto the wagon. Answer: yes
"
Who thought up the proposal that the committee be abolished?,yes,"Input: Who thought up the proposal that the committee be abolished? Answer: yes
"
The professor talked us into a stupor.,yes,"Input: The professor talked us into a stupor. Answer: yes
"
Phineas knows a girl who is behind Maxime.,yes,"Input: Phineas knows a girl who is behind Maxime. Answer: yes
"
Henry cleared dishes from the table.,yes,"Input: Henry cleared dishes from the table. Answer: yes
"
The fans were deliberately provoked by a rival group.,yes,"Input: The fans were deliberately provoked by a rival group. Answer: yes
"
Kim jogs under the hill.,yes,"Input: Kim jogs under the hill. Answer: yes
"
They tried to all like John.,yes,"Input: They tried to all like John. Answer: yes
"
The cat had been eating.,yes,"Input: The cat had been eating. Answer: yes
"
They believe the cat to be out of the bag.,yes,"Input: They believe the cat to be out of the bag. Answer: yes
"
Mary will play the violin soon.,yes,"Input: Mary will play the violin soon. Answer: yes
"
This knife cut the bread.,yes,"Input: This knife cut the bread. Answer: yes
"
Dorothy needs her skills.,yes,"Input: Dorothy needs her skills. Answer: yes
"
He talked with a girl about swimming.,yes,"Input: He talked with a girl about swimming. Answer: yes
"
Doug blew up it.,yes,"Input: Doug blew up it. Answer: yes
"
Tessa sprained her ankle.,yes,"Input: Tessa sprained her ankle. Answer: yes
"
Leslie was in the flood zone.,yes,"Input: Leslie was in the flood zone. Answer: yes
"
Mary prefers that her ice cream is in a cone.,yes,"Input: Mary prefers that her ice cream is in a cone. Answer: yes
"
Calvin will strike himself and Otto will too.,yes,"Input: Calvin will strike himself and Otto will too. Answer: yes
"
"Kim went to the store, and then Lou.",yes,"Input: Kim went to the store, and then Lou. Answer: yes
"
This is the friend for whose mother Kim gave a party.,yes,"Input: This is the friend for whose mother Kim gave a party. Answer: yes
"
I want the fact that Bill left to remain a secret.,yes,"Input: I want the fact that Bill left to remain a secret. Answer: yes
"
The farm passed to John.,yes,"Input: The farm passed to John. Answer: yes
"
Merlin is extremely evil.,yes,"Input: Merlin is extremely evil. Answer: yes
"
My eyes are itching from the smoke.,yes,"Input: My eyes are itching from the smoke. Answer: yes
"
Kelly buttered the bread.,yes,"Input: Kelly buttered the bread. Answer: yes
"
Reports which the government prescribes the height of the lettering on the covers of are invariably boring.,yes,"Input: Reports which the government prescribes the height of the lettering on the covers of are invariably boring. Answer: yes
"
We proclaimed John sincerely to be a hero.,yes,"Input: We proclaimed John sincerely to be a hero. Answer: yes
"
Every student in Mary's class is working on negative polarity.,yes,"Input: Every student in Mary's class is working on negative polarity. Answer: yes
"
He worked his way through the book.,yes,"Input: He worked his way through the book. Answer: yes
"
Bill recited his lines slowly.,yes,"Input: Bill recited his lines slowly. Answer: yes
"
Pat promised Leslie to be aggressive.,yes,"Input: Pat promised Leslie to be aggressive. Answer: yes
"
There promises to be a storm tonight.,yes,"Input: There promises to be a storm tonight. Answer: yes
"
Who has drunk my whiskey?,yes,"Input: Who has drunk my whiskey? Answer: yes
"
The stream winds through the valley.,yes,"Input: The stream winds through the valley. Answer: yes
"
The horse wouldn't budge.,yes,"Input: The horse wouldn't budge. Answer: yes
"
Ethel was sitting at her desk.,yes,"Input: Ethel was sitting at her desk. Answer: yes
"
There was a dragon in the cave.,yes,"Input: There was a dragon in the cave. Answer: yes
"
John will drive the car.,yes,"Input: John will drive the car. Answer: yes
"
We expect them to examine themselves.,yes,"Input: We expect them to examine themselves. Answer: yes
"
Bill is sick.,yes,"Input: Bill is sick. Answer: yes
"
Tess is knocking at the door.,yes,"Input: Tess is knocking at the door. Answer: yes
"
Webster touched a sword after Henry had done it.,yes,"Input: Webster touched a sword after Henry had done it. Answer: yes
"
All the men surrounded the fort.,yes,"Input: All the men surrounded the fort. Answer: yes
"
That Anne was in conversation with Mr Elliott dismayed Captain.,yes,"Input: That Anne was in conversation with Mr Elliott dismayed Captain. Answer: yes
"
"Stories about him seem to show up more on the evening news, the more that John gets upset by them.",yes,"Input: Stories about him seem to show up more on the evening news, the more that John gets upset by them. Answer: yes
"
You may pick absolutely any flower.,yes,"Input: You may pick absolutely any flower. Answer: yes
"
In the hallway ticked a grandfather clock.,yes,"Input: In the hallway ticked a grandfather clock. Answer: yes
"
Have you ever visited Doubtful Sound?,yes,"Input: Have you ever visited Doubtful Sound? Answer: yes
"
Myron is making the claim that dead is better than red.,yes,"Input: Myron is making the claim that dead is better than red. Answer: yes
"
This knife doesn't cut.,yes,"Input: This knife doesn't cut. Answer: yes
"
He's fool enough to try it.,yes,"Input: He's fool enough to try it. Answer: yes
"
"When the executioner arrived, Poseidon was asleep",yes,"Input: When the executioner arrived, Poseidon was asleep Answer: yes
"
"I read him the figures, but when I looked up, he was gone.",yes,"Input: I read him the figures, but when I looked up, he was gone. Answer: yes
"
"Jerry wouldn't read a book by Babel, but Meryl has done so and it was pretty good.",yes,"Input: Jerry wouldn't read a book by Babel, but Meryl has done so and it was pretty good. Answer: yes
"
I had the strangest feeling that I knew you.,yes,"Input: I had the strangest feeling that I knew you. Answer: yes
"
Sarah sang a ballad.,yes,"Input: Sarah sang a ballad. Answer: yes
"
I lifted the books from the floor to the table.,yes,"Input: I lifted the books from the floor to the table. Answer: yes
"
Being lovely to look at has its advantages.,yes,"Input: Being lovely to look at has its advantages. Answer: yes
"
The hiker will reach the top of the mountain within an hour.,yes,"Input: The hiker will reach the top of the mountain within an hour. Answer: yes
"
I regard Andrew as the best writer.,yes,"Input: I regard Andrew as the best writer. Answer: yes
"
John scratched his arm and the boy who Mary knew did so too.,yes,"Input: John scratched his arm and the boy who Mary knew did so too. Answer: yes
"
It was as awful a picture as it first seemed.,yes,"Input: It was as awful a picture as it first seemed. Answer: yes
"
These documents Elizabeth is checking at this very moment.,yes,"Input: These documents Elizabeth is checking at this very moment. Answer: yes
"
Who did you give pictures of to friends of?,yes,"Input: Who did you give pictures of to friends of? Answer: yes
"
The psychologist hates phonology.,yes,"Input: The psychologist hates phonology. Answer: yes
"
We think that Bill left.,yes,"Input: We think that Bill left. Answer: yes
"
I gave blood.,yes,"Input: I gave blood. Answer: yes
"
People are in the garden,yes,"Input: People are in the garden Answer: yes
"
She sold the car to Sam for five dollars.,yes,"Input: She sold the car to Sam for five dollars. Answer: yes
"
Mary wonders whether Bill will come.,yes,"Input: Mary wonders whether Bill will come. Answer: yes
"
He offers more than we had hoped for.,yes,"Input: He offers more than we had hoped for. Answer: yes
"
Every student has to come up with three arguments that show that some condition proposed by Bill is wrong.,yes,"Input: Every student has to come up with three arguments that show that some condition proposed by Bill is wrong. Answer: yes
"
John promised Mary that he would leave.,yes,"Input: John promised Mary that he would leave. Answer: yes
"
I put the book on the table.,yes,"Input: I put the book on the table. Answer: yes
"
The man loved peanut butter cookies.,yes,"Input: The man loved peanut butter cookies. Answer: yes
"
Lydia eloped with Wickham when she went to Brighton.,yes,"Input: Lydia eloped with Wickham when she went to Brighton. Answer: yes
"
My favorite language is a language with simple morphology and complicated syntax.,yes,"Input: My favorite language is a language with simple morphology and complicated syntax. Answer: yes
"
John is said to be rich.,yes,"Input: John is said to be rich. Answer: yes
"
"After Henry had done so, Webster touched a sword.",yes,"Input: After Henry had done so, Webster touched a sword. Answer: yes
"
Tagalog is spoken in the Philippines.,yes,"Input: Tagalog is spoken in the Philippines. Answer: yes
"
The man standing over there's hat impressed me greatly.,yes,"Input: The man standing over there's hat impressed me greatly. Answer: yes
"
Although Mr D'Arcy disliked Mrs Bennet he married Elizabeth.,yes,"Input: Although Mr D'Arcy disliked Mrs Bennet he married Elizabeth. Answer: yes
"
Frances has had her clean the drapes.,yes,"Input: Frances has had her clean the drapes. Answer: yes
"
Humans love to eat owners of pigs.,yes,"Input: Humans love to eat owners of pigs. Answer: yes
"
What his father wants him to be is more of a man.,yes,"Input: What his father wants him to be is more of a man. Answer: yes
"
"We consider Leslie rather foolish, and Lou a complete idiot.",yes,"Input: We consider Leslie rather foolish, and Lou a complete idiot. Answer: yes
"
He mended the shoe.,yes,"Input: He mended the shoe. Answer: yes
"
Was the child found?,yes,"Input: Was the child found? Answer: yes
"
I know a taller man than John.,yes,"Input: I know a taller man than John. Answer: yes
"
The farmer loaded apples into the cart.,yes,"Input: The farmer loaded apples into the cart. Answer: yes
"
"When you eat more, you want correspondingly less.",yes,"Input: When you eat more, you want correspondingly less. Answer: yes
"
"If Mary listens to the Grateful Dead, she gets depressed.",yes,"Input: If Mary listens to the Grateful Dead, she gets depressed. Answer: yes
"
Sharon sprayed the plants with water.,yes,"Input: Sharon sprayed the plants with water. Answer: yes
"
Sasha is gobbling down dumplings faster than I can reheat them.,yes,"Input: Sasha is gobbling down dumplings faster than I can reheat them. Answer: yes
"
little equipment is available.,yes,"Input: little equipment is available. Answer: yes
"
I saw this film several times last year during the summer.,yes,"Input: I saw this film several times last year during the summer. Answer: yes
"
The school board leader asked the students a question.,yes,"Input: The school board leader asked the students a question. Answer: yes
"
A pilot must be flying this plane.,yes,"Input: A pilot must be flying this plane. Answer: yes
"
He should decide soon.,yes,"Input: He should decide soon. Answer: yes
"
This is how he did it.,yes,"Input: This is how he did it. Answer: yes
"
The prison cell was escaped by the terrorist.,yes,"Input: The prison cell was escaped by the terrorist. Answer: yes
"
The president's moral destruction is complete.,yes,"Input: The president's moral destruction is complete. Answer: yes
"
The luscious chick who Billy went to the movies with will wed me ere the morn.,yes,"Input: The luscious chick who Billy went to the movies with will wed me ere the morn. Answer: yes
"
I admired his honesty.,yes,"Input: I admired his honesty. Answer: yes
"
The dentist is eager to examine Pat.,yes,"Input: The dentist is eager to examine Pat. Answer: yes
"
Jessica sprayed paint under the table.,yes,"Input: Jessica sprayed paint under the table. Answer: yes
"
Dan gave his life.,yes,"Input: Dan gave his life. Answer: yes
"
Mary always prefers lemons to limes.,yes,"Input: Mary always prefers lemons to limes. Answer: yes
"
I haven't met many linguistics students.,yes,"Input: I haven't met many linguistics students. Answer: yes
"
Hail stones broke the window.,yes,"Input: Hail stones broke the window. Answer: yes
"
"Yes, she will.",yes,"Input: Yes, she will. Answer: yes
"
He used to go there very often.,yes,"Input: He used to go there very often. Answer: yes
"
King Kong is a movie which you'll laugh yourself sick if you see it.,yes,"Input: King Kong is a movie which you'll laugh yourself sick if you see it. Answer: yes
"
I don't have any sympathy for urban guerillas.,yes,"Input: I don't have any sympathy for urban guerillas. Answer: yes
"
Everyone reported that Max and some lady disappeared.,yes,"Input: Everyone reported that Max and some lady disappeared. Answer: yes
"
This is the student pictures of whom appeared in the newspaper.,yes,"Input: This is the student pictures of whom appeared in the newspaper. Answer: yes
"
I disliked the boy's playing the piano loudly.,yes,"Input: I disliked the boy's playing the piano loudly. Answer: yes
"
Peter thinks that Cathy loves him.,yes,"Input: Peter thinks that Cathy loves him. Answer: yes
"
This book is too dense to be read in one sitting.,yes,"Input: This book is too dense to be read in one sitting. Answer: yes
"
Which poet wrote which ode?,yes,"Input: Which poet wrote which ode? Answer: yes
"
I wondered had he left yet.,yes,"Input: I wondered had he left yet. Answer: yes
"
Every cat always knows the location of her favorite catnip toy.,yes,"Input: Every cat always knows the location of her favorite catnip toy. Answer: yes
"
Some of the soup needs more salt.,yes,"Input: Some of the soup needs more salt. Answer: yes
"
Where did the policeman meet several young students?,yes,"Input: Where did the policeman meet several young students? Answer: yes
"
Roses are certain to be planted in the garden by the gardener.,yes,"Input: Roses are certain to be planted in the garden by the gardener. Answer: yes
"
The trail we walked today was built by slave labor.,yes,"Input: The trail we walked today was built by slave labor. Answer: yes
"
What did you buy at the supermarket?,yes,"Input: What did you buy at the supermarket? Answer: yes
"
Jeff was dancing with Sylvia while Amy sat angrily at their table.,yes,"Input: Jeff was dancing with Sylvia while Amy sat angrily at their table. Answer: yes
"
Pilots who can fly barrel rolls say that for me to try to do it in a glider would be hazardous.,yes,"Input: Pilots who can fly barrel rolls say that for me to try to do it in a glider would be hazardous. Answer: yes
"
He looked at a book about swimming.,yes,"Input: He looked at a book about swimming. Answer: yes
"
"Dr Jones habitually ate too much rich food, didn't he?",yes,"Input: Dr Jones habitually ate too much rich food, didn't he? Answer: yes
"
The book of poems with the bright red cover stinks.,yes,"Input: The book of poems with the bright red cover stinks. Answer: yes
"
The executive committee approved the new policy.,yes,"Input: The executive committee approved the new policy. Answer: yes
"
Stacy came directly from linguistics class.,yes,"Input: Stacy came directly from linguistics class. Answer: yes
"
Herman mixed the eggs and the cream together.,yes,"Input: Herman mixed the eggs and the cream together. Answer: yes
"
Wash yourself.,yes,"Input: Wash yourself. Answer: yes
"
Mary jumped the horse over the last fence perfectly.,yes,"Input: Mary jumped the horse over the last fence perfectly. Answer: yes
"
If he sees one; he'll bring me a hot dog.,yes,"Input: If he sees one; he'll bring me a hot dog. Answer: yes
"
I don't know what to do.,yes,"Input: I don't know what to do. Answer: yes
"
I gave my brother a birthday present.,yes,"Input: I gave my brother a birthday present. Answer: yes
"
I don't know how to do it.,yes,"Input: I don't know how to do it. Answer: yes
"
"The money which I will make a proposal that we squander amounts to $400,000.",yes,"Input: The money which I will make a proposal that we squander amounts to $400,000. Answer: yes
"
You and I are as alike as a horse and a cow.,yes,"Input: You and I are as alike as a horse and a cow. Answer: yes
"
The man I think chased Fido returned.,yes,"Input: The man I think chased Fido returned. Answer: yes
"
"Tom ordered bacon, and Dick ordered lettuce, and Harry ordered tomatoes.",yes,"Input: Tom ordered bacon, and Dick ordered lettuce, and Harry ordered tomatoes. Answer: yes
"
I doubt if she kicks perfect goals every time.,yes,"Input: I doubt if she kicks perfect goals every time. Answer: yes
"
"When John eats more, keep your mouth shut tighter, OK?",yes,"Input: When John eats more, keep your mouth shut tighter, OK? Answer: yes
"
More are called than are ever chosen.,yes,"Input: More are called than are ever chosen. Answer: yes
"
Pat is either stupid or a liar.,yes,"Input: Pat is either stupid or a liar. Answer: yes
"
Which king did you wonder invaded which city?,yes,"Input: Which king did you wonder invaded which city? Answer: yes
"
John is as intelligent as Mary.,yes,"Input: John is as intelligent as Mary. Answer: yes
"
They denied the claim that they should report only to us.,yes,"Input: They denied the claim that they should report only to us. Answer: yes
"
She kept not seeing him.,yes,"Input: She kept not seeing him. Answer: yes
"
It's probable that in general he understands what's going on.,yes,"Input: It's probable that in general he understands what's going on. Answer: yes
"
I put the books on the table.,yes,"Input: I put the books on the table. Answer: yes
"
Carol carved the stone.,yes,"Input: Carol carved the stone. Answer: yes
"
It is your notes that John wants to look at after class.,yes,"Input: It is your notes that John wants to look at after class. Answer: yes
"
It's extremely windy today.,yes,"Input: It's extremely windy today. Answer: yes
"
Fanny loved talking to Mary.,yes,"Input: Fanny loved talking to Mary. Answer: yes
"
I prefer for the girl to win.,yes,"Input: I prefer for the girl to win. Answer: yes
"
Wilma completed the assignment.,yes,"Input: Wilma completed the assignment. Answer: yes
"
This book cost $10.,yes,"Input: This book cost $10. Answer: yes
"
I love but you hate ice milk tea.,yes,"Input: I love but you hate ice milk tea. Answer: yes
"
John hit the ball with a bat.,yes,"Input: John hit the ball with a bat. Answer: yes
"
It is the main street.,yes,"Input: It is the main street. Answer: yes
"
This large parcel is very heavy.,yes,"Input: This large parcel is very heavy. Answer: yes
"
Catherine feared that the Abbey was haunted.,yes,"Input: Catherine feared that the Abbey was haunted. Answer: yes
"
He did not leave.,yes,"Input: He did not leave. Answer: yes
"
Harry likes movies.,yes,"Input: Harry likes movies. Answer: yes
"
The gentleman who saved Marianne was Willoughby.,yes,"Input: The gentleman who saved Marianne was Willoughby. Answer: yes
"
We peered into the closet.,yes,"Input: We peered into the closet. Answer: yes
"
Sam didn't pick those packages up which are to be mailed tomorrow until it had stopped raining.,yes,"Input: Sam didn't pick those packages up which are to be mailed tomorrow until it had stopped raining. Answer: yes
"
John is tough to please.,yes,"Input: John is tough to please. Answer: yes
"
The potion boiled over,yes,"Input: The potion boiled over Answer: yes
"
I saw the brilliant student.,yes,"Input: I saw the brilliant student. Answer: yes
"
John rolled the ball perfectly down the hill.,yes,"Input: John rolled the ball perfectly down the hill. Answer: yes
"
The other plan she rejected out of hand.,yes,"Input: The other plan she rejected out of hand. Answer: yes
"
We got our car radio stolen twice on holiday.,yes,"Input: We got our car radio stolen twice on holiday. Answer: yes
"
He's too reliable a man.,yes,"Input: He's too reliable a man. Answer: yes
"
Evidence will be presented that he was drunk.,yes,"Input: Evidence will be presented that he was drunk. Answer: yes
"
Fruit at once hit the roof from the tree.,yes,"Input: Fruit at once hit the roof from the tree. Answer: yes
"
I enjoy taking a bath.,yes,"Input: I enjoy taking a bath. Answer: yes
"
It snowed,yes,"Input: It snowed Answer: yes
"
The statue stood on the pedestal.,yes,"Input: The statue stood on the pedestal. Answer: yes
"
Hilda is such a scholar.,yes,"Input: Hilda is such a scholar. Answer: yes
"
Tucson is a great place to live.,yes,"Input: Tucson is a great place to live. Answer: yes
"
Why did you eat the cake?,yes,"Input: Why did you eat the cake? Answer: yes
"
I both went to the store and bought some whiskey.,yes,"Input: I both went to the store and bought some whiskey. Answer: yes
"
John does not like this town.,yes,"Input: John does not like this town. Answer: yes
"
The teacher who it was expected by the reporters that the principal would fire is a crusty old jerk.,yes,"Input: The teacher who it was expected by the reporters that the principal would fire is a crusty old jerk. Answer: yes
"
When did you get back and what did you bring me?,yes,"Input: When did you get back and what did you bring me? Answer: yes
"
I will try and buy some whiskey.,yes,"Input: I will try and buy some whiskey. Answer: yes
"
Harriet interconnected the pieces.,yes,"Input: Harriet interconnected the pieces. Answer: yes
"
I will have eaten the beef waffles.,yes,"Input: I will have eaten the beef waffles. Answer: yes
"
Those bandits attacked Emma and Harriet yesterday.,yes,"Input: Those bandits attacked Emma and Harriet yesterday. Answer: yes
"
That bottle of water might.,yes,"Input: That bottle of water might. Answer: yes
"
Richard is going to chop some wood.,yes,"Input: Richard is going to chop some wood. Answer: yes
"
The king thanked the man.,yes,"Input: The king thanked the man. Answer: yes
"
much information is needed.,yes,"Input: much information is needed. Answer: yes
"
We consider the men all fools.,yes,"Input: We consider the men all fools. Answer: yes
"
"That the cops spoke to the janitor about it yesterday, that robbery, is terrible.",yes,"Input: That the cops spoke to the janitor about it yesterday, that robbery, is terrible. Answer: yes
"
"Poseidon had run away, before the executioner murdered Hera.",yes,"Input: Poseidon had run away, before the executioner murdered Hera. Answer: yes
"
That new handle detaches easily.,yes,"Input: That new handle detaches easily. Answer: yes
"
Sasha lingered over lunch.,yes,"Input: Sasha lingered over lunch. Answer: yes
"
The big man from NY has often said that he gave peanuts to elephants.,yes,"Input: The big man from NY has often said that he gave peanuts to elephants. Answer: yes
"
He attributed to a short circuit the fire which.,yes,"Input: He attributed to a short circuit the fire which. Answer: yes
"
All through the mountains raged a fire.,yes,"Input: All through the mountains raged a fire. Answer: yes
"
Bruce loved and Kelly hated phonology class.,yes,"Input: Bruce loved and Kelly hated phonology class. Answer: yes
"
It is to Cleveland that John drove the truck.,yes,"Input: It is to Cleveland that John drove the truck. Answer: yes
"
One bomb didn't guide and crashed.,yes,"Input: One bomb didn't guide and crashed. Answer: yes
"
A ball kicked the man.,yes,"Input: A ball kicked the man. Answer: yes
"
John often kisses Mary.,yes,"Input: John often kisses Mary. Answer: yes
"
Will Tom leave the party now?,yes,"Input: Will Tom leave the party now? Answer: yes
"
Every man who saw the fly in the food didn't eat dinner.,yes,"Input: Every man who saw the fly in the food didn't eat dinner. Answer: yes
"
Jason was killed by Medea.,yes,"Input: Jason was killed by Medea. Answer: yes
"
Kim sang and Sandy danced.,yes,"Input: Kim sang and Sandy danced. Answer: yes
"
The eggs and the cream mixed together.,yes,"Input: The eggs and the cream mixed together. Answer: yes
"
Raccoons destroyed the garden.,yes,"Input: Raccoons destroyed the garden. Answer: yes
"
John talked to Bill about the exam.,yes,"Input: John talked to Bill about the exam. Answer: yes
"
Tamara poured water onto the plants.,yes,"Input: Tamara poured water onto the plants. Answer: yes
"
Cynthia munched at peaches.,no,"Input: Cynthia munched at peaches. Answer: no
"
The teacher who that the principal would fire was expected by the reporters is a crusty old jerk.,no,"Input: The teacher who that the principal would fire was expected by the reporters is a crusty old jerk. Answer: no
"
Ten pounds was weighed by the package.,no,"Input: Ten pounds was weighed by the package. Answer: no
"
John is eager to examine.,no,"Input: John is eager to examine. Answer: no
"
"I like beer, me.",no,"Input: I like beer, me. Answer: no
"
The lesson got read by a priest.,no,"Input: The lesson got read by a priest. Answer: no
"
I dislike it for him to tickle myself.,no,"Input: I dislike it for him to tickle myself. Answer: no
"
Tall books stand on tables easily.,no,"Input: Tall books stand on tables easily. Answer: no
"
Every boy has any potatoes.,no,"Input: Every boy has any potatoes. Answer: no
"
My morning routine features swim free styles slowly for one hour.,no,"Input: My morning routine features swim free styles slowly for one hour. Answer: no
"
At 4 p.m. I saw John lecturing to anyone who was near him.,no,"Input: At 4 p.m. I saw John lecturing to anyone who was near him. Answer: no
"
Paul exhaled on Mary.,no,"Input: Paul exhaled on Mary. Answer: no
"
The umpire fell the deck off.,no,"Input: The umpire fell the deck off. Answer: no
"
Fred knows which politician for Karen to vote for.,no,"Input: Fred knows which politician for Karen to vote for. Answer: no
"
Peter is pigs,no,"Input: Peter is pigs Answer: no
"
"Handsome though my friends suggested that Mary thinks that Tom is, I still won't date him.",no,"Input: Handsome though my friends suggested that Mary thinks that Tom is, I still won't date him. Answer: no
"
Every reading Shakespeare satisfied me,no,"Input: Every reading Shakespeare satisfied me Answer: no
"
Tessa sprained.,no,"Input: Tessa sprained. Answer: no
"
In the corner lay a dog.,no,"Input: In the corner lay a dog. Answer: no
"
John ate a carrot and Mary did so a radish.,no,"Input: John ate a carrot and Mary did so a radish. Answer: no
"
Dry the baby with the cloth torn.,no,"Input: Dry the baby with the cloth torn. Answer: no
"
The Greeks arrived all.,no,"Input: The Greeks arrived all. Answer: no
"
The car honked down the road.,no,"Input: The car honked down the road. Answer: no
"
That piece of ice is too big for it to be likely for him to be able to pick up with a teaspoon.,no,"Input: That piece of ice is too big for it to be likely for him to be able to pick up with a teaspoon. Answer: no
"
Lydia pocketed the change in her pocket.,no,"Input: Lydia pocketed the change in her pocket. Answer: no
"
The cat was being eating.,no,"Input: The cat was being eating. Answer: no
"
Runaway cats spot easily.,no,"Input: Runaway cats spot easily. Answer: no
"
Here's a knife which for you to cut up the onions with.,no,"Input: Here's a knife which for you to cut up the onions with. Answer: no
"
Marianne not left.,no,"Input: Marianne not left. Answer: no
"
"Your desk before, this girl in the red coat will put a picture of Bill on your desk before tomorrow.",no,"Input: Your desk before, this girl in the red coat will put a picture of Bill on your desk before tomorrow. Answer: no
"
John suddenly got the bus off.,no,"Input: John suddenly got the bus off. Answer: no
"
I'm as sad as angry.,no,"Input: I'm as sad as angry. Answer: no
"
The boys were made a good mother by Aunt Mary.,no,"Input: The boys were made a good mother by Aunt Mary. Answer: no
"
The only girl for whom it bothers me to wear that old fedora is Annabelle.,no,"Input: The only girl for whom it bothers me to wear that old fedora is Annabelle. Answer: no
"
Jessica stuffed boxes at the truck.,no,"Input: Jessica stuffed boxes at the truck. Answer: no
"
Melissa searched a clue in the papers.,no,"Input: Melissa searched a clue in the papers. Answer: no
"
Every man lifted the table together.,no,"Input: Every man lifted the table together. Answer: no
"
"That they spoke to the janitor about that robbery yesterday is terrible, the cops.",no,"Input: That they spoke to the janitor about that robbery yesterday is terrible, the cops. Answer: no
"
Two miles are as far as they can walk.,no,"Input: Two miles are as far as they can walk. Answer: no
"
I kicked me,no,"Input: I kicked me Answer: no
"
Medea tried her to leave.,no,"Input: Medea tried her to leave. Answer: no
"
John is prouder of having gone than than John expected me to believe not all.,no,"Input: John is prouder of having gone than than John expected me to believe not all. Answer: no
"
Rosemary hates.,no,"Input: Rosemary hates. Answer: no
"
Traci gave a lollipop.,no,"Input: Traci gave a lollipop. Answer: no
"
She has enough a problem as it is.,no,"Input: She has enough a problem as it is. Answer: no
"
They can door.,no,"Input: They can door. Answer: no
"
Aphrodite wanted to live and Ishtar tried to do,no,"Input: Aphrodite wanted to live and Ishtar tried to do Answer: no
"
They reputed him to be a good scholar.,no,"Input: They reputed him to be a good scholar. Answer: no
"
"The knife, that he threw into the sea had a gold handle.",no,"Input: The knife, that he threw into the sea had a gold handle. Answer: no
"
The fig chuckled,no,"Input: The fig chuckled Answer: no
"
"After ten soldiers had left, seven more ones came in.",no,"Input: After ten soldiers had left, seven more ones came in. Answer: no
"
The committee hasn't yet made up their mind.,no,"Input: The committee hasn't yet made up their mind. Answer: no
"
They expected us to should leave him.,no,"Input: They expected us to should leave him. Answer: no
"
Monica covered a blanket over the baby.,no,"Input: Monica covered a blanket over the baby. Answer: no
"
"We realised that Dr Jones died because he ate too much rich food, didn't he?",no,"Input: We realised that Dr Jones died because he ate too much rich food, didn't he? Answer: no
"
I read that Bill had seen myself.,no,"Input: I read that Bill had seen myself. Answer: no
"
Which city do you believe the claim that Philip would invade?,no,"Input: Which city do you believe the claim that Philip would invade? Answer: no
"
The bread cut.,no,"Input: The bread cut. Answer: no
"
Aphrodite stinks to be omnipotent.,no,"Input: Aphrodite stinks to be omnipotent. Answer: no
"
"They gave my father, who had just turned 60, it.",no,"Input: They gave my father, who had just turned 60, it. Answer: no
"
John deposited some money in the checking account and Mary did the same thing in the savings account.,no,"Input: John deposited some money in the checking account and Mary did the same thing in the savings account. Answer: no
"
Professor Smith would support Sue and Prof Jones Bill.,no,"Input: Professor Smith would support Sue and Prof Jones Bill. Answer: no
"
The problem is easy to solve the question.,no,"Input: The problem is easy to solve the question. Answer: no
"
He seems enough intelligent for you.,no,"Input: He seems enough intelligent for you. Answer: no
"
You washed myself.,no,"Input: You washed myself. Answer: no
"
We all thought him was unhappy,no,"Input: We all thought him was unhappy Answer: no
"
I forwarded Winifred the letter.,no,"Input: I forwarded Winifred the letter. Answer: no
"
I spoke to about the war yesterday that guy who's always following us.,no,"Input: I spoke to about the war yesterday that guy who's always following us. Answer: no
"
What I arranged for Jenny was to be present.,no,"Input: What I arranged for Jenny was to be present. Answer: no
"
Stephen persuaded the cat to be out of the bag.,no,"Input: Stephen persuaded the cat to be out of the bag. Answer: no
"
Cynthia ate on the peach.,no,"Input: Cynthia ate on the peach. Answer: no
"
Tamara poured at water into the bowl.,no,"Input: Tamara poured at water into the bowl. Answer: no
"
Megan loves.,no,"Input: Megan loves. Answer: no
"
"If he is a rich man, he'd buy a diamond ring.",no,"Input: If he is a rich man, he'd buy a diamond ring. Answer: no
"
Frank promised the men all to leave.,no,"Input: Frank promised the men all to leave. Answer: no
"
The senators to be certain that the president is telling a lie.,no,"Input: The senators to be certain that the president is telling a lie. Answer: no
"
Am not I going?,no,"Input: Am not I going? Answer: no
"
"Kim wanted to go and Sandy wanted, too.",no,"Input: Kim wanted to go and Sandy wanted, too. Answer: no
"
Harriet alternated folk songs and pop songs together.,no,"Input: Harriet alternated folk songs and pop songs together. Answer: no
"
We voted for me.,no,"Input: We voted for me. Answer: no
"
To please John is eager.,no,"Input: To please John is eager. Answer: no
"
John was cost $10 by the book.,no,"Input: John was cost $10 by the book. Answer: no
"
Order one first is what you should do.,no,"Input: Order one first is what you should do. Answer: no
"
Which picture is Ann going to send to her teacher of Chairman Mao as soon as she gets home?,no,"Input: Which picture is Ann going to send to her teacher of Chairman Mao as soon as she gets home? Answer: no
"
There sings a man loudly.,no,"Input: There sings a man loudly. Answer: no
"
Who did he believe the claim that he had never met?,no,"Input: Who did he believe the claim that he had never met? Answer: no
"
The skyscraper which the boy works in and the girl in a quonset hut belongs to Uncle Sam.,no,"Input: The skyscraper which the boy works in and the girl in a quonset hut belongs to Uncle Sam. Answer: no
"
Guinevere has a single bone that is in every corner of the house.,no,"Input: Guinevere has a single bone that is in every corner of the house. Answer: no
"
I handed the ball.,no,"Input: I handed the ball. Answer: no
"
I lifted the table with the books.,no,"Input: I lifted the table with the books. Answer: no
"
Any more reliable a man could not be found.,no,"Input: Any more reliable a man could not be found. Answer: no
"
Stephen persuaded there to be a fountain in the park.,no,"Input: Stephen persuaded there to be a fountain in the park. Answer: no
"
The cake was been eating.,no,"Input: The cake was been eating. Answer: no
"
Chris became quite conservative and trying to change their minds.,no,"Input: Chris became quite conservative and trying to change their minds. Answer: no
"
John offers little suggestion.,no,"Input: John offers little suggestion. Answer: no
"
She knocked himself on the head with a zucchini.,no,"Input: She knocked himself on the head with a zucchini. Answer: no
"
The stone knocked the pole into the road.,no,"Input: The stone knocked the pole into the road. Answer: no
"
The socks are ready for it to be planned for you to put on.,no,"Input: The socks are ready for it to be planned for you to put on. Answer: no
"
What Henry find was Bill sad.,no,"Input: What Henry find was Bill sad. Answer: no
"
I inquired that John like his beer.,no,"Input: I inquired that John like his beer. Answer: no
"
How much money Gordon spent is true.,no,"Input: How much money Gordon spent is true. Answer: no
"
He turned from a prince.,no,"Input: He turned from a prince. Answer: no
"
John placed the flute.,no,"Input: John placed the flute. Answer: no
"
The people in who we placed our trust left.,no,"Input: The people in who we placed our trust left. Answer: no
"
The poison was neutralised was claimed that by everyone,no,"Input: The poison was neutralised was claimed that by everyone Answer: no
"
The king banished at the general from the army.,no,"Input: The king banished at the general from the army. Answer: no
"
At least three girls saw anything.,no,"Input: At least three girls saw anything. Answer: no
"
the boy likes themselves.,no,"Input: the boy likes themselves. Answer: no
"
The writer is that gets you so involved.,no,"Input: The writer is that gets you so involved. Answer: no
"
Carla shoveled at the walk.,no,"Input: Carla shoveled at the walk. Answer: no
"
They can very.,no,"Input: They can very. Answer: no
"
There seems to run many people to the station.,no,"Input: There seems to run many people to the station. Answer: no
"
I would like to might do it,no,"Input: I would like to might do it Answer: no
"
"Hank plays the guitar and finds arrangements for, and Ernie writes down, all the old folk songs which are still sung in these hills.",no,"Input: Hank plays the guitar and finds arrangements for, and Ernie writes down, all the old folk songs which are still sung in these hills. Answer: no
"
Karen asked where for him to put the chairs.,no,"Input: Karen asked where for him to put the chairs. Answer: no
"
The ball wriggled itself loose.,no,"Input: The ball wriggled itself loose. Answer: no
"
"He never achieved anything, didn't he?",no,"Input: He never achieved anything, didn't he? Answer: no
"
We think if Bill left.,no,"Input: We think if Bill left. Answer: no
"
The University's students are intelligent and faculty is committed to freedom.,no,"Input: The University's students are intelligent and faculty is committed to freedom. Answer: no
"
The old dog died partway.,no,"Input: The old dog died partway. Answer: no
"
It has rains every day for the last week.,no,"Input: It has rains every day for the last week. Answer: no
"
I prefer.,no,"Input: I prefer. Answer: no
"
Mary noticed that John excessively appreciates herself.,no,"Input: Mary noticed that John excessively appreciates herself. Answer: no
"
"Sally is tall, and may be, and Sheila is short, and definitely is, blond.",no,"Input: Sally is tall, and may be, and Sheila is short, and definitely is, blond. Answer: no
"
Chris will become talking to colleagues.,no,"Input: Chris will become talking to colleagues. Answer: no
"
The cook boned the fish of bones.,no,"Input: The cook boned the fish of bones. Answer: no
"
You can rely on that he will help you.,no,"Input: You can rely on that he will help you. Answer: no
"
Jake shipped the box towards Carson.,no,"Input: Jake shipped the box towards Carson. Answer: no
"
I'm hungry and did you play chess?,no,"Input: I'm hungry and did you play chess? Answer: no
"
The teacher handed the student.,no,"Input: The teacher handed the student. Answer: no
"
He hit the ball.,no,"Input: He hit the ball. Answer: no
"
Tracy has become a republican and of the opinion that we must place nuclear weapons in Europe.,no,"Input: Tracy has become a republican and of the opinion that we must place nuclear weapons in Europe. Answer: no
"
We proved conclusively to the authorities Smith to be the thief.,no,"Input: We proved conclusively to the authorities Smith to be the thief. Answer: no
"
Whether he left!,no,"Input: Whether he left! Answer: no
"
The cat that the dog that the rat bit chased died.,no,"Input: The cat that the dog that the rat bit chased died. Answer: no
"
John can kicking the ball.,no,"Input: John can kicking the ball. Answer: no
"
The book brings easily to the meeting.,no,"Input: The book brings easily to the meeting. Answer: no
"
They caused him to become president by making him.,no,"Input: They caused him to become president by making him. Answer: no
"
I'm glad I saw anybody.,no,"Input: I'm glad I saw anybody. Answer: no
"
Chairman was elected Graham.,no,"Input: Chairman was elected Graham. Answer: no
"
The child and her mother clung.,no,"Input: The child and her mother clung. Answer: no
"
Paula spanked her right hand against the naughty child.,no,"Input: Paula spanked her right hand against the naughty child. Answer: no
"
Pat was annoyed by that their parents did nothing to stop it.,no,"Input: Pat was annoyed by that their parents did nothing to stop it. Answer: no
"
"They said nobody would pay up, but pay up I know a boy who did.",no,"Input: They said nobody would pay up, but pay up I know a boy who did. Answer: no
"
"They want to hire someone who speaks a Balkan language, but I don't know which language.",no,"Input: They want to hire someone who speaks a Balkan language, but I don't know which language. Answer: no
"
Aunt Mary made the boys all a good mother.,no,"Input: Aunt Mary made the boys all a good mother. Answer: no
"
Who is that he has met extremely unlikely?,no,"Input: Who is that he has met extremely unlikely? Answer: no
"
There tried to be intelligent.,no,"Input: There tried to be intelligent. Answer: no
"
Gwen exchanged the dress to Mary.,no,"Input: Gwen exchanged the dress to Mary. Answer: no
"
"The more he eats, the fatter that that he gets really bothers me.",no,"Input: The more he eats, the fatter that that he gets really bothers me. Answer: no
"
Cora coiled at the rope around the post.,no,"Input: Cora coiled at the rope around the post. Answer: no
"
You shouldn't have played with rifles because to have is dangerous.,no,"Input: You shouldn't have played with rifles because to have is dangerous. Answer: no
"
What Medea believed was Jason to be a murderer.,no,"Input: What Medea believed was Jason to be a murderer. Answer: no
"
John is being discussed and Sally is being too.,no,"Input: John is being discussed and Sally is being too. Answer: no
"
Andy pinched Sarah and tickled herself.,no,"Input: Andy pinched Sarah and tickled herself. Answer: no
"
Any lion is rare.,no,"Input: Any lion is rare. Answer: no
"
I consider to be a fool the senator who made the opening speech.,no,"Input: I consider to be a fool the senator who made the opening speech. Answer: no
"
There is a hole in John's quilt's upper right-hand corner.,no,"Input: There is a hole in John's quilt's upper right-hand corner. Answer: no
"
I put the table with books.,no,"Input: I put the table with books. Answer: no
"
Ellen conferred Helen.,no,"Input: Ellen conferred Helen. Answer: no
"
Which packages didn't Sam pick up which are to be mailed tomorrow until it had stopped raining?,no,"Input: Which packages didn't Sam pick up which are to be mailed tomorrow until it had stopped raining? Answer: no
"
Maxwell isn't half the doctor that that he would be if he studied is certain.,no,"Input: Maxwell isn't half the doctor that that he would be if he studied is certain. Answer: no
"
Sharon brought Willa breathless.,no,"Input: Sharon brought Willa breathless. Answer: no
"
How do you wonder who could solve this problem.,no,"Input: How do you wonder who could solve this problem. Answer: no
"
Carrie touched the stick into the cat.,no,"Input: Carrie touched the stick into the cat. Answer: no
"
"When did Fanny return, she found Tom Bertram very ill.",no,"Input: When did Fanny return, she found Tom Bertram very ill. Answer: no
"
I expect to double my profits more than.,no,"Input: I expect to double my profits more than. Answer: no
"
Did not Sue pass her exam?,no,"Input: Did not Sue pass her exam? Answer: no
"
Oliver addressed the king the letter.,no,"Input: Oliver addressed the king the letter. Answer: no
"
Anything hasn't happened to his optimism.,no,"Input: Anything hasn't happened to his optimism. Answer: no
"
"Fluffy is sick, which I slapped a boy who wouldn't acknowledge.",no,"Input: Fluffy is sick, which I slapped a boy who wouldn't acknowledge. Answer: no
"
Six inches were grown by the boy.,no,"Input: Six inches were grown by the boy. Answer: no
"
The magician appeared a dove from his sleeve.,no,"Input: The magician appeared a dove from his sleeve. Answer: no
"
The cat was having eaten.,no,"Input: The cat was having eaten. Answer: no
"
George is having lived in Toledo for thirty years.,no,"Input: George is having lived in Toledo for thirty years. Answer: no
"
John would be hated to win.,no,"Input: John would be hated to win. Answer: no
"
Kim gave a dollar to Bobbie and a dime into his pocket.,no,"Input: Kim gave a dollar to Bobbie and a dime into his pocket. Answer: no
"
The hospital was donated the book to.,no,"Input: The hospital was donated the book to. Answer: no
"
The string cut.,no,"Input: The string cut. Answer: no
"
That he ever went there alone is certain.,no,"Input: That he ever went there alone is certain. Answer: no
"
They caught her without a license is what happened.,no,"Input: They caught her without a license is what happened. Answer: no
"
Gilgamesh might have been not reading the cuneiform tablets.,no,"Input: Gilgamesh might have been not reading the cuneiform tablets. Answer: no
"
Which temple did Athena contemplate the reason that her devotees had built?,no,"Input: Which temple did Athena contemplate the reason that her devotees had built? Answer: no
"
We were glad what to do.,no,"Input: We were glad what to do. Answer: no
"
"They, they can't stand each other.",no,"Input: They, they can't stand each other. Answer: no
"
"While Holly didn't discuss a report about every boy, she did every girl.",no,"Input: While Holly didn't discuss a report about every boy, she did every girl. Answer: no
"
I considered Fred after the party crazy.,no,"Input: I considered Fred after the party crazy. Answer: no
"
John believed Kim to do not leave here.,no,"Input: John believed Kim to do not leave here. Answer: no
"
What kind cf parakeets are they investigating all people owning?,no,"Input: What kind cf parakeets are they investigating all people owning? Answer: no
"
Can he will do it?,no,"Input: Can he will do it? Answer: no
"
How hard to read the book it was!,no,"Input: How hard to read the book it was! Answer: no
"
John convinced to sleep.,no,"Input: John convinced to sleep. Answer: no
"
Cynthia gobbled .,no,"Input: Cynthia gobbled . Answer: no
"
The lions ate raw the meat.,no,"Input: The lions ate raw the meat. Answer: no
"
John seems that is nice.,no,"Input: John seems that is nice. Answer: no
"
Kim lives in the house Lee sold it to her.,no,"Input: Kim lives in the house Lee sold it to her. Answer: no
"
The door has seven holes in it and the window.,no,"Input: The door has seven holes in it and the window. Answer: no
"
The student met John came.,no,"Input: The student met John came. Answer: no
"
"Mary claimed that hasn't eaten cabbage, Holly.",no,"Input: Mary claimed that hasn't eaten cabbage, Holly. Answer: no
"
I ordered if John drink his beer.,no,"Input: I ordered if John drink his beer. Answer: no
"
Seems John to fix the computer.,no,"Input: Seems John to fix the computer. Answer: no
"
What time did you arrive at?,no,"Input: What time did you arrive at? Answer: no
"
This rock is too heavy for us to try to claim that we picked up.,no,"Input: This rock is too heavy for us to try to claim that we picked up. Answer: no
"
This list includes my name on itself.,no,"Input: This list includes my name on itself. Answer: no
"
The fish scrubbed.,no,"Input: The fish scrubbed. Answer: no
"
The cat had haven eaten.,no,"Input: The cat had haven eaten. Answer: no
"
Which quonset hut does the boy work in a skyscraper and the girl in?,no,"Input: Which quonset hut does the boy work in a skyscraper and the girl in? Answer: no
"
Felicia shipped the box out of the storeroom.,no,"Input: Felicia shipped the box out of the storeroom. Answer: no
"
Angela characterized Shelly a lifesaver.,no,"Input: Angela characterized Shelly a lifesaver. Answer: no
"
He can can go,no,"Input: He can can go Answer: no
"
Jason asked whether that the potion was ready,no,"Input: Jason asked whether that the potion was ready Answer: no
"
They tried all to like John.,no,"Input: They tried all to like John. Answer: no
"
Nathan showed to Benjamin it.,no,"Input: Nathan showed to Benjamin it. Answer: no
"
Any woman contributed to the fund.,no,"Input: Any woman contributed to the fund. Answer: no
"
"It's we go to the meeting, that Sally will tell us when.",no,"Input: It's we go to the meeting, that Sally will tell us when. Answer: no
"
Lora buttered at the toast with unsalted butter.,no,"Input: Lora buttered at the toast with unsalted butter. Answer: no
"
The problem's perception is quite thorough.,no,"Input: The problem's perception is quite thorough. Answer: no
"
We wanted to ate cake,no,"Input: We wanted to ate cake Answer: no
"
I'm going to call somebody who is.,no,"Input: I'm going to call somebody who is. Answer: no
"
Wash himself.,no,"Input: Wash himself. Answer: no
"
Robin arrived most of the way at the station.,no,"Input: Robin arrived most of the way at the station. Answer: no
"
John is a no more reliable fellow than Bill.,no,"Input: John is a no more reliable fellow than Bill. Answer: no
"
John put his gold.,no,"Input: John put his gold. Answer: no
"
Fifteen years represent a long period of his life.,no,"Input: Fifteen years represent a long period of his life. Answer: no
"
It was so awful a picture as it first seemed.,no,"Input: It was so awful a picture as it first seemed. Answer: no
"
Fifteen dollars in a week are not much.,no,"Input: Fifteen dollars in a week are not much. Answer: no
"
Paula swatted the cloth against the fly.,no,"Input: Paula swatted the cloth against the fly. Answer: no
"
We persuaded them to examine them.,no,"Input: We persuaded them to examine them. Answer: no
"
Sam may be had been interrogating by the FBI.,no,"Input: Sam may be had been interrogating by the FBI. Answer: no
"
Gary and Kevin ran himself into exhaustion.,no,"Input: Gary and Kevin ran himself into exhaustion. Answer: no
"
We think for Bill left.,no,"Input: We think for Bill left. Answer: no
"
Fruit hit the roof against the ground.,no,"Input: Fruit hit the roof against the ground. Answer: no
"
She always wore herself.,no,"Input: She always wore herself. Answer: no
"
I have should eat plums.,no,"Input: I have should eat plums. Answer: no
"
We rummaged important documents in the drawer.,no,"Input: We rummaged important documents in the drawer. Answer: no
"
Bill would be easy for it to become expensive for you to chat with in Moscow.,no,"Input: Bill would be easy for it to become expensive for you to chat with in Moscow. Answer: no
"
John tried Bill to play checkers.,no,"Input: John tried Bill to play checkers. Answer: no
"
Peter will decide that we should review the book.,no,"Input: Peter will decide that we should review the book. Answer: no
"
John intimately spoke to Mary.,no,"Input: John intimately spoke to Mary. Answer: no
"
"The later it gets, the more people everyone who likes pays attention to.",no,"Input: The later it gets, the more people everyone who likes pays attention to. Answer: no
"
